﻿Asparagus,Vegetables
Broccoli,Vegetables
Carrots,Vegetables
Cauliflower,Vegetables
Celery,Vegetables
Corn,Vegetables
Cucumbers,Vegetables
Lettuce / Greens,Vegetables
Mushrooms,Vegetables
Onions,Vegetables
Peppers,Vegetables
Potatoes,Vegetables
Spinach,Vegetables
Squash,Vegetables
Zucchini,Vegetables
Tomatoes,Vegetables
Apples,Fruits
Avocados,Fruits
Bananas,Fruits
Berries,Fruits
Cherries,Fruits
Grapefruit,Fruits
Grapes,Fruits
Kiwis,Fruits
Lemons / Limes,Fruits
Melon,Fruits
Nectarines,Fruits
Oranges,Fruits
Peaches,Fruits
Pears,Fruits
Plums,Fruits
Bagels,Cold/Frozen
Chip dip,Cold/Frozen
Eggs / Fake eggs,Cold/Frozen
English muffins,Cold/Frozen
Fruit juice,Cold/Frozen
Hummus,Cold/Frozen
Ready-bake breads,Cold/Frozen
Tofu,Cold/Frozen
Tortillas,Cold/Frozen
Breakfasts,Cold/Frozen
Burritos,Cold/Frozen
Fish sticks,Cold/Frozen
Fries / Tater tots,Cold/Frozen
Ice cream / Sorbet,Cold/Frozen
Juice concentrate,Cold/Frozen
Pizza,Cold/Frozen
Pizza Rolls,Cold/Frozen
Popsicles,Cold/Frozen
TV dinners,Cold/Frozen
Vegetables,Cold/Frozen
Bacon / Sausage,Meats
Beef,Meats
Chicken,Meats
Ground beef / Turkey,Meats
Ham / Pork,Meats
Hot dogs,Meats
Lunchmeat,Meats
Turkey,Meats
Catfish,Fish/Seafood
Crab,Fish/Seafood
Lobster,Fish/Seafood
Mussels,Fish/Seafood
Oysters,Fish/Seafood
Salmon,Fish/Seafood
Shrimp,Fish/Seafood
Tilapia,Fish/Seafood
Tuna,Fish/Seafood
Antiperspirant / Deodorant,Health
Bath soap / Hand soap,Health
Condoms / Other b.c.,Health
Cosmetics,Health
Cotton swabs / Balls,Health
Facial cleanser,Health
Facial tissue,Health
Feminine products,Health
Floss,Health
Hair gel / Spray,Health
Lip balm,Health
Moisturizing lotion,Health
Mouthwash,Health
Razors / Shaving cream,Health
Shampoo / Conditioner,Health
Sunblock,Health
Toilet paper,Health
Toothpaste,Health
Vitamins / Supplements,Health
