Addie Joss,0
Al Kaline,18
Al Lopez,2
Al Simmons,3
Al Spalding,0
Alan Trammell,6
Amos Rusie,0
Andre Dawson,8
Arky Vaughan,9
Average Batting HOFer,6
Babe Ruth,2
Barry Larkin,12
Bert Blyleven,2
Bid McPhee,0
Bill Dickey,11
Bill Mazeroski,10
Bill McKechnie,0
Bill Terry,3
Billy Hamilton,0
Billy Herman,10
Billy Southworth,0
Billy Williams,6
Bob Feller,8
Bob Gibson,9
Bob Lemon,7
Bobby Cox,0
Bobby Doerr,9
Bobby Wallace,0
Branch Rickey,0
Brooks Robinson,18
Bruce Sutter,6
Buck Ewing,0
Bucky Harris,0
Burleigh Grimes,0
Cal Ripken Jr.,19
Candy Cummings,0
Cap Anson,0
Carl Hubbell,9
Carl Yastrzemski,18
Carlton Fisk,11
Casey Stengel,0
Catfish Hunter,8
Charlie Comiskey,0
Charlie Gehringer,6
Chick Hafey,1
Chief Bender,0
Chipper Jones,8
Christy Mathewson,0
Chuck Klein,2
Clark Griffith,0
Connie Mack,0
Craig Biggio,7
Cy Young,0
Dan Brouthers,0
Dave Bancroft,0
Dave Winfield,12
Dazzy Vance,0
Deacon White,0
Dennis Eckersley,6
Dick Williams,0
Dizzy Dean,4
Don Drysdale,9
Don Sutton,4
Duke Snider,8
Earl Averill,6
Earle Combs,0
Early Wynn,9
Ed Delahanty,0
Ed Walsh,0
Edd Roush,0
Eddie Collins,0
Eddie Mathews,12
Eddie Murray,8
Eddie Plank,0
Edgar Martinez,7
Elmer Flick,0
Enos Slaughter,10
Eppa Rixey,0
Ernie Banks,14
Ernie Lombardi,8
Fergie Jenkins,3
Frank Chance,0
Frank Robinson,14
Frank Thomas,5
Frankie Frisch,3
Fred Clarke,0
Freddie Lindstrom,0
Gabby Hartnett,6
Gary Carter,11
Gaylord Perry,5
George Brett,13
George Davis,0
George Kell,10
George Sisler,0
George Wright,0
Goose Goslin,1
Greg Maddux,8
Hack Wilson,0
Hal Newhouser,7
Hank Aaron,25﻿Name,ASG
Hank Greenberg,5
Hank O'Day,0
Harmon Killebrew,13
Harold Baines,6
Harry Heilmann,0
Harry Hooper,0
Harry Wright,0
Heinie Manush,1
Herb Pennock,0
High Pockets Kelly,0
Home Run Baker,0
Honus Wagner,0
Hoyt Wilhelm,8
Hugh Duffy,0
Hughie Jennings,0
Ivan Rodriguez,14
Jack Chesbro,0
Jack Morris,5
Jackie Robinson,6
Jake Beckley,0
Jeff Bagwell,4
Jesse Burkett,0
Jesse Haines,0
Jim Bottomley,0
Jim Bunning,9
Jim O'Rourke,0
Jim Palmer,6
Jim Rice,8
Jim Thome,5
Jimmie Foxx,9
Jimmy Collins,0
Jocko Conlan,0
Joe Cronin,7
Joe DiMaggio,13
Joe Gordon,9
Joe Kelley,0
Joe McGinnity,0
Joe Medwick,10
Joe Morgan,10
Joe Sewell,0
Joe Tinker,0
Joe Torre,9
John Clarkson,0
John McGraw,0
John Smoltz,8
John Ward,0
Johnny Bench,14
Johnny Evers,0
Johnny Mize,10
Juan Marichal,10
Ken Griffey Jr.,13
Kid Nichols,0
Kiki Cuyler,1
King Kelly,0
Kirby Puckett,10
Larry Doby,7
Lee Smith,7
Lefty Gomez,7
Lefty Grove,6
Leo Durocher,3
Lloyd Waner,1
Lou Boudreau,8
Lou Brock,6
Lou Gehrig,7
Luis Aparicio,13
Luke Appling,7
Mariano Rivera,13
Max Carey,0
Mel Ott,12
Mickey Cochrane,2
Mickey Mantle,20
Mickey Welch,0
Mike Mussina,5
Mike Piazza,12
Mike Schmidt,12
Miller Huggins,0
Monte Irvin,1
Mordecai Brown,0
Nap Lajoie,0
Ned Hanlon,0
Nellie Fox,15
Nolan Ryan,8
Old Hoss Radbourn,0
Orlando Cepeda,11
Ozzie Smith,15
Paul Molitor,7
Paul Waner,4
Pedro Martinez,8
Pee Wee Reese,10
Pete Alexander,0
Phil Niekro,5
Phil Rizzuto,5
Pie Traynor,2
Pud Galvin,0
Rabbit Maranville,0
Ralph Kiner,6
Randy Johnson,10
Ray Schalk,0
Red Faber,0
Red Ruffing,6
Red Schoendienst,10
Reggie Jackson,14
Rich Gossage,9
Richie Ashburn,6
Rick Ferrell,8
Rickey Henderson,10
Roberto Alomar,12
Roberto Clemente,15
Robin Roberts,7
Robin Yount,3
Rod Carew,18
Roger Bresnahan,0
Roger Connor,0
Rogers Hornsby,0
Rollie Fingers,7
Ron Santo,9
Ross Youngs,0
Roy Campanella,8
Roy Halladay,8
Rube Marquard,0
Rube Waddell,0
Ryne Sandberg,10
Sam Crawford,0
Sam Rice,0
Sam Thompson,0
Sandy Koufax,7
Satchel Paige,2
Sparky Anderson,0
Stan Coveleski,0
Stan Musial,24
Steve Carlton,10
Ted Lyons,1
Ted Williams,19
Tim Keefe,0
Tim Raines,7
Tom Glavine,10
Tom Lasorda,0
Tom Seaver,12
Tommy McCarthy,0
Tony Gwynn,15
Tony La Russa,0
Tony Lazzeri,1
Tony Perez,7
Travis Jackson,1
Trevor Hoffman,7
Tris Speaker,0
Ty Cobb,0
Vic Willis,0
Vladimir Guerrero,9
Wade Boggs,12
Waite Hoyt,0
Walter Alston,0
Walter Johnson,0
Warren Spahn,17
Whitey Ford,10
Whitey Herzog,0
Wilbert Robinson,0
Willard Brown,0
Willie Keeler,0
Willie Mays,24
Willie McCovey,6
Willie Stargell,7
Yogi Berra,18
Zack Wheat,0
﻿Name,ASG
