﻿Name,ASG
Hank Greenberg,5
Jack Morris,5
Mike Mussina,5
Phil Niekro,5
Gaylord Perry,5
Phil Rizzuto,5
Frank Thomas,5
Jim Thome,5
Richie Ashburn,6
Earl Averill,6
Harold Baines,6
Lou Brock,6
Dennis Eckersley,6
Charlie Gehringer,6
Lefty Grove,6
Gabby Hartnett,6
Ralph Kiner,6
Willie McCovey,6
Jim Palmer,6
Jackie Robinson,6
Red Ruffing,6
Bruce Sutter,6
Alan Trammell,6
Billy Williams,6
Average Batting HOFer,6
Luke Appling,7
Craig Biggio,7
Joe Cronin,7
Larry Doby,7
Rollie Fingers,7
Lou Gehrig,7
Lefty Gomez,7
Trevor Hoffman,7
Sandy Koufax,7
Bob Lemon,7
Edgar Martinez,7
Paul Molitor,7
Hal Newhouser,7
Tony Perez,7
Tim Raines,7
Robin Roberts,7
Lee Smith,7
Willie Stargell,7
Lou Boudreau,8
Roy Campanella,8
Andre Dawson,8
Bob Feller,8
Rick Ferrell,8
Roy Halladay,8
Catfish Hunter,8
Chipper Jones,8
Ernie Lombardi,8
Greg Maddux,8
Pedro Martinez,8
Eddie Murray,8
Jim Rice,8
Nolan Ryan,8
John Smoltz,8
Duke Snider,8
Hoyt Wilhelm,8
Jim Bunning,9
Bobby Doerr,9
Don Drysdale,9
Jimmie Foxx,9
Bob Gibson,9
Joe Gordon,9
Rich Gossage,9
Vladimir Guerrero,9
Carl Hubbell,9
Ron Santo,9
Joe Torre,9
Arky Vaughan,9
Early Wynn,9
Steve Carlton,10
Whitey Ford,10
Tom Glavine,10
Rickey Henderson,10
Billy Herman,10
Randy Johnson,10
George Kell,10
Juan Marichal,10
Bill Mazeroski,10
Joe Medwick,10
Johnny Mize,10
Joe Morgan,10
Kirby Puckett,10
Pee Wee Reese,10
Ryne Sandberg,10
Red Schoendienst,10
Enos Slaughter,10
Gary Carter,11
Orlando Cepeda,11
Bill Dickey,11
Carlton Fisk,11
Roberto Alomar,12
Wade Boggs,12
Barry Larkin,12
Eddie Mathews,12
Mel Ott,12
Mike Piazza,12
Mike Schmidt,12
Tom Seaver,12
Dave Winfield,12
Luis Aparicio,13
George Brett,13
Joe DiMaggio,13
Ken Griffey Jr.,13
Harmon Killebrew,13
Mariano Rivera,13
Ernie Banks,14
Johnny Bench,14
Reggie Jackson,14
Frank Robinson,14
Ivan Rodriguez,14
Roberto Clemente,15
Nellie Fox,15
Tony Gwynn,15
Ozzie Smith,15
Warren Spahn,17
Yogi Berra,18
Rod Carew,18
Al Kaline,18
Brooks Robinson,18
Carl Yastrzemski,18
Cal Ripken Jr.,19
Ted Williams,19
Mickey Mantle,20
Willie Mays,24
Stan Musial,24
Hank Aaron,25