﻿Name,ASG
Pete Alexander,0
Walter Alston,0
Sparky Anderson,0
Cap Anson,0
Home Run Baker,0
Dave Bancroft,0
Jake Beckley,0
Chief Bender,0
Jim Bottomley,0
Roger Bresnahan,0
Dan Brouthers,0
Mordecai Brown,0
Willard Brown,0
Jesse Burkett,0
Max Carey,0
Frank Chance,0
Jack Chesbro,0
Fred Clarke,0
John Clarkson,0
Ty Cobb,0
Eddie Collins,0
Jimmy Collins,0
Earle Combs,0
Charlie Comiskey,0
Jocko Conlan,0
Roger Connor,0
Stan Coveleski,0
Bobby Cox,0
Sam Crawford,0
Candy Cummings,0
George Davis,0
Ed Delahanty,0
Hugh Duffy,0
Johnny Evers,0
Buck Ewing,0
Red Faber,0
Elmer Flick,0
Pud Galvin,0
Clark Griffith,0
Burleigh Grimes,0
Jesse Haines,0
Billy Hamilton,0
Ned Hanlon,0
Bucky Harris,0
Harry Heilmann,0
Whitey Herzog,0
Harry Hooper,0
Rogers Hornsby,0
Waite Hoyt,0
Miller Huggins,0
Hughie Jennings,0
Walter Johnson,0
Addie Joss,0
Tim Keefe,0
Willie Keeler,0
Joe Kelley,0
High Pockets Kelly,0
King Kelly,0
Tony La Russa,0
Nap Lajoie,0
Tom Lasorda,0
Freddie Lindstrom,0
Connie Mack,0
Rabbit Maranville,0
Rube Marquard,0
Christy Mathewson,0
Tommy McCarthy,0
Joe McGinnity,0
John McGraw,0
Bill McKechnie,0
Bid McPhee,0
Kid Nichols,0
Hank O'Day,0
Jim O'Rourke,0
Herb Pennock,0
Eddie Plank,0
Old Hoss Radbourn,0
Sam Rice,0
Branch Rickey,0
Eppa Rixey,0
Wilbert Robinson,0
Edd Roush,0
Amos Rusie,0
Ray Schalk,0
Joe Sewell,0
George Sisler,0
Billy Southworth,0
Al Spalding,0
Tris Speaker,0
Casey Stengel,0
Sam Thompson,0
Joe Tinker,0
Dazzy Vance,0
Rube Waddell,0
Honus Wagner,0
Bobby Wallace,0
Ed Walsh,0
John Ward,0
Mickey Welch,0
Zack Wheat,0
Deacon White,0
Dick Williams,0
Vic Willis,0
Hack Wilson,0
George Wright,0
Harry Wright,0
Cy Young,0
Ross Youngs,0
Kiki Cuyler,1
Goose Goslin,1
Chick Hafey,1
Monte Irvin,1
Travis Jackson,1
Tony Lazzeri,1
Ted Lyons,1
Heinie Manush,1
Lloyd Waner,1
Bert Blyleven,2
Mickey Cochrane,2
Chuck Klein,2
Al Lopez,2
Satchel Paige,2
Babe Ruth,2
Pie Traynor,2
Leo Durocher,3
Frankie Frisch,3
Fergie Jenkins,3
Al Simmons,3
Bill Terry,3
Robin Yount,3
Jeff Bagwell,4
Dizzy Dean,4
Don Sutton,4
Paul Waner,4