﻿Name,Inducted
Hank Aaron,1982
Pete Alexander,1938
Roberto Alomar,2011
Walter Alston,1983
Sparky Anderson,2000
Cap Anson,1939
Luis Aparicio,1984
Luke Appling,1964
Richie Ashburn,1995
Earl Averill,1975
Jeff Bagwell,2017
Harold Baines,2019
Home Run Baker,1955
Dave Bancroft,1971
Ernie Banks,1977
Jake Beckley,1971
Johnny Bench,1989
Chief Bender,1953
Yogi Berra,1972
Craig Biggio,2015
Bert Blyleven,2011
Wade Boggs,2005
Jim Bottomley,1974
Lou Boudreau,1970
Roger Bresnahan,1945
George Brett,1999
Lou Brock,1985
Dan Brouthers,1945
Mordecai Brown,1949
Willard Brown,2006
Jim Bunning,1996
Jesse Burkett,1946
Roy Campanella,1969
Rod Carew,1991
Max Carey,1961
Steve Carlton,1994
Gary Carter,2003
Orlando Cepeda,1999
Frank Chance,1946
Jack Chesbro,1946
Fred Clarke,1945
John Clarkson,1963
Roberto Clemente,1973
Ty Cobb,1936
Mickey Cochrane,1947
Eddie Collins,1939
Jimmy Collins,1945
Earle Combs,1970
Charlie Comiskey,1939
Jocko Conlan,1974
Roger Connor,1976
Stan Coveleski,1969
Bobby Cox,2014
Sam Crawford,1957
Joe Cronin,1956
Candy Cummings,1939
Kiki Cuyler,1968
George Davis,1998
Andre Dawson,2010
Dizzy Dean,1953
Ed Delahanty,1945
Bill Dickey,1954
Joe DiMaggio,1955
Larry Doby,1998
Bobby Doerr,1986
Don Drysdale,1984
Hugh Duffy,1945
Leo Durocher,1994
Dennis Eckersley,2004
Johnny Evers,1946
Buck Ewing,1939
Red Faber,1964
Bob Feller,1962
Rick Ferrell,1984
Rollie Fingers,1992
Carlton Fisk,2000
Elmer Flick,1963
Whitey Ford,1974
Nellie Fox,1997
Jimmie Foxx,1951
Frankie Frisch,1947
Pud Galvin,1965
Lou Gehrig,1939
Charlie Gehringer,1949
Bob Gibson,1981
Tom Glavine,2014
Lefty Gomez,1972
Joe Gordon,2009
Goose Goslin,1968
Rich Gossage,2008
Hank Greenberg,1956
Ken Griffey Jr.,2016
Clark Griffith,1946
Burleigh Grimes,1964
Lefty Grove,1947
Vladimir Guerrero,2018
Tony Gwynn,2007
Chick Hafey,1971
Jesse Haines,1970
Roy Halladay,2019
Billy Hamilton,1961
Ned Hanlon,1996
Bucky Harris,1975
Gabby Hartnett,1955
Harry Heilmann,1952
Rickey Henderson,2009
Billy Herman,1975
Whitey Herzog,2010
Trevor Hoffman,2018
Harry Hooper,1971
Rogers Hornsby,1942
Waite Hoyt,1969
Carl Hubbell,1947
Miller Huggins,1964
Catfish Hunter,1987
Monte Irvin,1973
Reggie Jackson,1993
Travis Jackson,1982
Fergie Jenkins,1991
Hughie Jennings,1945
Randy Johnson,2015
Walter Johnson,1936
Chipper Jones,2018
Addie Joss,1978
Al Kaline,1980
Tim Keefe,1964
Willie Keeler,1939
George Kell,1983
Joe Kelley,1971
High Pockets Kelly,1973
King Kelly,1945
Harmon Killebrew,1984
Ralph Kiner,1975
Chuck Klein,1980
Sandy Koufax,1972
Tony La Russa,2014
Nap Lajoie,1937
Barry Larkin,2012
Tom Lasorda,1997
Tony Lazzeri,1991
Bob Lemon,1976
Freddie Lindstrom,1976
Ernie Lombardi,1986
Al Lopez,1977
Ted Lyons,1955
Connie Mack,1937
Greg Maddux,2014
Mickey Mantle,1974
Heinie Manush,1964
Rabbit Maranville,1954
Juan Marichal,1983
Rube Marquard,1971
Edgar Martinez,2019
Pedro Martinez,2015
Eddie Mathews,1978
Christy Mathewson,1936
Willie Mays,1979
Bill Mazeroski,2001
Tommy McCarthy,1946
Willie McCovey,1986
Joe McGinnity,1946
John McGraw,1937
Bill McKechnie,1962
Bid McPhee,2000
Joe Medwick,1968
Johnny Mize,1981
Paul Molitor,2004
Joe Morgan,1990
Jack Morris,2018
Eddie Murray,2003
Stan Musial,1969
Mike Mussina,2019
Hal Newhouser,1992
Kid Nichols,1949
Phil Niekro,1997
Hank O'Day,2013
Jim O'Rourke,1945
Mel Ott,1951
Satchel Paige,1971
Jim Palmer,1990
Herb Pennock,1948
Tony Perez,2000
Gaylord Perry,1991
Mike Piazza,2016
Eddie Plank,1946
Kirby Puckett,2001
Old Hoss Radbourn,1939
Tim Raines,2017
Pee Wee Reese,1984
Jim Rice,2009
Sam Rice,1963
Branch Rickey,1967
Cal Ripken Jr.,2007
Mariano Rivera,2019
Eppa Rixey,1963
Phil Rizzuto,1994
Robin Roberts,1976
Brooks Robinson,1983
Frank Robinson,1982
Jackie Robinson,1962
Wilbert Robinson,1945
Ivan Rodriguez,2017
Edd Roush,1962
Red Ruffing,1967
Amos Rusie,1977
Babe Ruth,1936
Nolan Ryan,1999
Ryne Sandberg,2005
Ron Santo,2012
Ray Schalk,1955
Mike Schmidt,1995
Red Schoendienst,1989
Tom Seaver,1992
Joe Sewell,1977
Al Simmons,1953
George Sisler,1939
Enos Slaughter,1985
Lee Smith,2019
Ozzie Smith,2002
John Smoltz,2015
Duke Snider,1980
Billy Southworth,2008
Warren Spahn,1973
Al Spalding,1939
Tris Speaker,1937
Willie Stargell,1988
Casey Stengel,1966
Bruce Sutter,2006
Don Sutton,1998
Bill Terry,1954
Frank Thomas,2014
Jim Thome,2018
Sam Thompson,1974
Joe Tinker,1946
Joe Torre,2014
Alan Trammell,2018
Pie Traynor,1948
Dazzy Vance,1955
Arky Vaughan,1985
Rube Waddell,1946
Honus Wagner,1936
Bobby Wallace,1953
Ed Walsh,1946
Lloyd Waner,1967
Paul Waner,1952
John Ward,1964
Mickey Welch,1973
Zack Wheat,1959
Deacon White,2013
Hoyt Wilhelm,1985
Billy Williams,1987
Dick Williams,2008
Ted Williams,1966
Vic Willis,1995
Hack Wilson,1979
Dave Winfield,2001
George Wright,1937
Harry Wright,1953
Early Wynn,1972
Carl Yastrzemski,1989
Cy Young,1937
Ross Youngs,1972
Robin Yount,1999
